Comment,Designator,Footprint,LCSC,Quantity
0.01u,C15,C_0603_1608Metric,C1589,1
0.1u,"C1,C10,C11,C12,C19,C20,C21,C23,C36,C5,C6,C9",C_0603_1608Metric,C1591,12
1,R1,R_1812_4532Metric,C42963,1
10,"R4,R5",R_0603_1608Metric,C22859,2
10.5k,R17,R_0603_1608Metric,C22855,1
100n,"C14,C17",C_0603_1608Metric,C1591,2
10k,"R2,R7",R_0603_1608Metric,C25804,2
10u,"C35,C37,C4",C_0603_1608Metric,C76614,3
10u,"C2,C22,C24,C7,C8",C_1206_3216Metric_Pad1.33x1.80mm_HandSolder,C9807,5
14.7k,R16,R_0603_1608Metric,C22874,1
1u,"C26,C28,C30,C32",C_0603_1608Metric,C5673,4
2.7k,R6,R_0603_1608Metric,C13167,1
20k,"R11,R12",R_0603_1608Metric,C4184,2
33u,"C25,C27,C29,C31",C_1206_3216Metric_Pad1.33x1.80mm_HandSolder,C342307,4
470,"R13,R14,R15",R_0603_1608Metric,C23179,3
5.1k,R3,R_0603_1608Metric,C23162,1
AD603ARZ,"U7,U8",SOIC-8_3.9x4.9mm_P1.27mm,C578331,2
Conn_01x03_Pin,J8,"TerminalBlock_Phoenix_MKDS-1,5-3_1x03_P5.00mm_Horizontal",C8270,1
FS3400,Q2,SOT-23,C2844158,1
L78L05_SO8,"U12,U9",SOIC-8_3.9x4.9mm_P1.27mm,C7543,2
L78L33_SO8,U10,SOIC-8_3.9x4.9mm_P1.27mm,C86187,1
LED,"D4,D5,D6",LED_0805_2012Metric,C2295,3
LM219DT,U5,SO-14_3.9x8.65mm_P1.27mm,C7545,1
LM358,U3,SOIC-8-1EP_3.9x4.9mm_P1.27mm_EP2.29x3mm,C5423,1
LT1210CR-PBF,U1,TO-263-7_TabPin8,C117204,1
MC79L05_SO8,U13,SOIC-8_3.9x4.9mm_P1.27mm,C7374,1
SI2309CDS-T1-GE3,Q1,SOT-23,C10493,1
SW_SPDT,SW2,SW_SPDT_CK_JS102011SAQN,C221660,1
TC4427EOA713,U2,SOIC-8_3.9x4.9mm_P1.27mm,C31450,1
