Designator,Val,Package,Mid X,Mid Y,Rotation,Layer
C1,0.1u,C_0603_1608Metric,91.49,-90.725,90.0,top
C10,0.1u,C_0603_1608Metric,92.5,-102.225,90.0,top
C11,0.1u,C_0603_1608Metric,116.275,-102.0,0.0,top
C12,0.1u,C_0603_1608Metric,73.8,-106.475,90.0,top
C14,100n,C_0603_1608Metric,136.775,-74.0,0.0,top
C15,0.01u,C_0603_1608Metric,140.0,-73.775,-90.0,top
C17,100n,C_0603_1608Metric,115.275,-76.0,0.0,top
C19,0.1u,C_0603_1608Metric,135.725,-104.0,0.0,top
C2,10u,C_1206_3216Metric_Pad1.33x1.80mm_HandSolder,93.95,-89.5125,90.0,top
C20,0.1u,C_0603_1608Metric,119.225,-86.5,180.0,top
C21,0.1u,C_0603_1608Metric,76.5,-106.475,90.0,top
C22,10u,C_1206_3216Metric_Pad1.33x1.80mm_HandSolder,117.1125,-104.55,0.0,top
C23,0.1u,C_0603_1608Metric,104.225,-105.5,180.0,top
C24,10u,C_1206_3216Metric_Pad1.33x1.80mm_HandSolder,104.225,-102.99,180.0,top
C25,33u,C_1206_3216Metric_Pad1.33x1.80mm_HandSolder,70.5,-77.0,90.0,top
C26,1u,C_0603_1608Metric,80.5,-79.225,90.0,top
C27,33u,C_1206_3216Metric_Pad1.33x1.80mm_HandSolder,70.5,-60.5,90.0,top
C28,1u,C_0603_1608Metric,80.5,-60.5,90.0,top
C29,33u,C_1206_3216Metric_Pad1.33x1.80mm_HandSolder,70.5,-51.775,90.0,top
C30,1u,C_0603_1608Metric,80.5,-51.775,90.0,top
C31,33u,C_1206_3216Metric_Pad1.33x1.80mm_HandSolder,70.5,-70.0,90.0,top
C32,1u,C_0603_1608Metric,80.5,-69.725,90.0,top
C35,10u,C_0603_1608Metric,118.775,-89.0,180.0,top
C36,0.1u,C_0603_1608Metric,127.5,-94.0,0.0,top
C37,10u,C_0603_1608Metric,127.725,-92.0,0.0,top
C4,10u,C_0603_1608Metric,100.0,-90.775,90.0,top
C5,0.1u,C_0603_1608Metric,71.98,-94.775,90.0,top
C6,0.1u,C_0603_1608Metric,81.04,-94.775,90.0,top
C7,10u,C_1206_3216Metric_Pad1.33x1.80mm_HandSolder,73.95,-94.0625,90.0,top
C8,10u,C_1206_3216Metric_Pad1.33x1.80mm_HandSolder,78.85,-94.0625,90.0,top
C9,0.1u,C_0603_1608Metric,94.5,-102.275,90.0,top
D4,LED,LED_0805_2012Metric,80.5,-43.5625,-90.0,top
D5,LED,LED_0805_2012Metric,77.0,-43.5625,-90.0,top
D6,LED,LED_0805_2012Metric,73.5,-43.5625,-90.0,top
J8,Conn_01x03_Pin,"TerminalBlock_Phoenix_MKDS-1,5-3_1x03_P5.00mm_Horizontal",60.6,-56.4,-90.0,top
Q1,SI2309CDS-T1-GE3,SOT-23,141.9625,-96.185,270.0,top
Q2,FS3400,SOT-23,141.4125,-102.085,90.0,top
R1,1,R_1812_4532Metric,95.3625,-106.0,180.0,top
R11,20k,R_0603_1608Metric,87.9,-105.0,0.0,top
R12,20k,R_0603_1608Metric,68.05,-107.5,180.0,top
R13,470,R_0603_1608Metric,84.5,-40.5,0.0,top
R14,470,R_0603_1608Metric,84.5,-43.5,0.0,top
R15,470,R_0603_1608Metric,84.5,-46.5,0.0,top
R16,14.7k,R_0603_1608Metric,126.325,-85.0,0.0,top
R17,10.5k,R_0603_1608Metric,124.0,-84.325,-90.0,top
R2,10k,R_0603_1608Metric,137.0,-78.175,90.0,top
R3,5.1k,R_0603_1608Metric,137.0,-81.175,-90.0,top
R4,10,R_0603_1608Metric,137.7875,-97.185,180.0,top
R5,10,R_0603_1608Metric,137.525,-102.135,180.0,top
R6,2.7k,R_0603_1608Metric,125.0,-95.325,-90.0,top
R7,10k,R_0603_1608Metric,123.0,-95.675,90.0,top
SW2,SW_SPDT,SW_SPDT_CK_JS102011SAQN,108.225,-88.0,90.0,top
U1,LT1210CR-PBF,TO-263-7_TabPin8,126.375,-76.5,180.0,top
U10,L78L33_SO8,SOIC-8_3.9x4.9mm_P1.27mm,75.475,-68.865,90.0,top
U12,L78L05_SO8,SOIC-8_3.9x4.9mm_P1.27mm,75.475,-50.595,90.0,top
U13,MC79L05_SO8,SOIC-8_3.9x4.9mm_P1.27mm,75.475,-78.135,90.0,top
U2,TC4427EOA713,SOIC-8_3.9x4.9mm_P1.27mm,131.0,-99.0,270.0,top
U3,LM358,SOIC-8-1EP_3.9x4.9mm_P1.27mm_EP2.29x3mm,123.25,-90.07,180.0,top
U5,LM219DT,SO-14_3.9x8.65mm_P1.27mm,110.5,-99.5,270.0,top
U7,AD603ARZ,SOIC-8_3.9x4.9mm_P1.27mm,75.75,-100.405,0.0,top
U8,AD603ARZ,SOIC-8_3.9x4.9mm_P1.27mm,95.225,-96.5,0.0,top
U9,L78L05_SO8,SOIC-8_3.9x4.9mm_P1.27mm,75.475,-59.595,90.0,top
